Date,Name,Year,Letterboxd URI
2020-07-27,The Grand Budapest Hotel,2014,https://boxd.it/3ZqO
2020-07-27,Parasite,2019,https://boxd.it/hTha
2020-07-27,Joker,2019,https://boxd.it/h4cS
2020-07-27,Get Out,2017,https://boxd.it/eOCm
2020-07-27,Once Upon a Time… in Hollywood,2019,https://boxd.it/gH0O
2020-07-27,Knives Out,2019,https://boxd.it/jWEA
2020-07-27,Lady Bird,2017,https://boxd.it/dGNE
2020-07-27,Inception,2010,https://boxd.it/1skk
2020-07-27,Baby Driver,2017,https://boxd.it/bhF2
2020-07-27,Avengers: Infinity War,2018,https://boxd.it/9vEe
2020-07-27,Her,2013,https://boxd.it/4O24
2020-07-27,Interstellar,2014,https://boxd.it/4VZ8
2020-07-27,Black Panther,2018,https://boxd.it/8MHs
2020-07-27,Avengers: Endgame,2019,https://boxd.it/9vE4
2020-07-27,Jojo Rabbit,2019,https://boxd.it/iEBG
2020-07-27,The Wolf of Wall Street,2013,https://boxd.it/3C1m
2020-07-27,Guardians of the Galaxy,2014,https://boxd.it/3VH2
2020-07-27,The Lighthouse,2019,https://boxd.it/icFU
2020-07-27,Marriage Story,2019,https://boxd.it/hJAw
2020-07-27,1917,2019,https://boxd.it/jj4y
2020-07-27,Django Unchained,2012,https://boxd.it/2cCk
2020-07-27,Little Women,2019,https://boxd.it/aSVk
2020-07-27,Dunkirk,2017,https://boxd.it/d0Y6
2020-07-27,Thor: Ragnarok,2017,https://boxd.it/8MHi
2020-07-27,Blade Runner 2049,2017,https://boxd.it/b8wK
2020-07-27,Star Wars: The Last Jedi,2017,https://boxd.it/5xme
2020-07-27,Deadpool,2016,https://boxd.it/9fOC
2020-07-27,Drive,2011,https://boxd.it/IG
2020-07-27,Spider-Man: Homecoming,2017,https://boxd.it/aboM
2020-07-27,Inside Out,2015,https://boxd.it/4KHC
2020-07-27,The Avengers,2012,https://boxd.it/1xFW
2020-07-27,Guardians of the Galaxy Vol. 2,2017,https://boxd.it/8MxC
2020-07-27,It,2017,https://boxd.it/bC8e
2020-07-27,Logan,2017,https://boxd.it/7Piy
2020-07-27,The Irishman,2019,https://boxd.it/dYOq
2020-07-27,Portrait of a Lady on Fire,2019,https://boxd.it/jkPq
2020-07-27,Star Wars: The Rise of Skywalker,2019,https://boxd.it/5xlK
2020-07-27,Captain America: Civil War,2016,https://boxd.it/89Ja
2020-07-27,Rogue One: A Star Wars Story,2016,https://boxd.it/aPvy
2020-07-27,The Martian,2015,https://boxd.it/8SeG
2020-07-27,Booksmart,2019,https://boxd.it/igNS
2020-07-27,Doctor Strange,2016,https://boxd.it/8MH8
2020-07-27,Wonder Woman,2017,https://boxd.it/9roG
2020-07-27,Annihilation,2018,https://boxd.it/9yzm
2020-07-27,Captain America: The Winter Soldier,2014,https://boxd.it/3r58
2020-07-27,The Hateful Eight,2015,https://boxd.it/8gw8
2020-07-27,The Lobster,2015,https://boxd.it/7tnw
2020-07-27,Incredibles 2,2018,https://boxd.it/7IPg
2020-07-27,Avengers: Age of Ultron,2015,https://boxd.it/3qi6
2020-07-27,John Wick,2014,https://boxd.it/7dEc
2020-07-27,The Witch,2015,https://boxd.it/9X0m
2020-07-27,Moonrise Kingdom,2012,https://boxd.it/2Wng
2020-07-27,Deadpool 2,2018,https://boxd.it/dlLM
2020-07-27,Ant-Man,2015,https://boxd.it/3vmW
2020-07-27,Toy Story 4,2019,https://boxd.it/9ALu
2020-07-27,Zootopia,2016,https://boxd.it/84xS
2020-07-27,Snowpiercer,2013,https://boxd.it/3Icg
2020-07-27,Kingsman: The Secret Service,2014,https://boxd.it/6dxe
2020-07-27,The Perks of Being a Wallflower,2012,https://boxd.it/2ZA8
2020-07-27,Captain America: The First Avenger,2011,https://boxd.it/28b0
2020-07-27,Toy Story 3,2010,https://boxd.it/1WRe
2020-07-27,Suicide Squad,2016,https://boxd.it/9row
2020-07-27,Eighth Grade,2018,https://boxd.it/hDMG
2020-07-28,Fantastic Mr. Fox,2009,https://boxd.it/1WyQ
2020-07-28,Airplane!,1980,https://boxd.it/29yu
2020-07-28,The Secret of Kells,2009,https://boxd.it/1sMI
2020-07-28,Ice Age,2002,https://boxd.it/2apS
2020-07-28,Best in Show,2000,https://boxd.it/1Pqq
2020-07-28,"Synecdoche, New York",2008,https://boxd.it/23zw
2020-07-28,Ford v Ferrari,2019,https://boxd.it/ce74
2020-07-28,John Wick: Chapter 3 - Parabellum,2019,https://boxd.it/gmFw
2020-07-28,Pulp Fiction,1994,https://boxd.it/29Pq
2020-07-28,The Dark Knight,2008,https://boxd.it/2b0k
2020-07-28,Fight Club,1999,https://boxd.it/2a9q
2020-07-28,Star Wars,1977,https://boxd.it/72s
2020-07-28,The Silence of the Lambs,1991,https://boxd.it/2aHW
2020-07-28,Forrest Gump,1994,https://boxd.it/728
2020-07-28,Taxi Driver,1976,https://boxd.it/2b8y
2020-07-28,The Matrix,1999,https://boxd.it/2a1m
2020-07-28,Blade Runner,1982,https://boxd.it/2bcA
2020-07-28,The Lord of the Rings: The Fellowship of the Ring,2001,https://boxd.it/2b5O
2020-07-28,The Shawshank Redemption,1994,https://boxd.it/2aHi
2020-07-28,The Truman Show,1998,https://boxd.it/18U8
2020-07-28,Back to the Future,1985,https://boxd.it/2b8e
2020-07-28,GoodFellas,1990,https://boxd.it/29FA
2020-07-28,Alien,1979,https://boxd.it/2awY
2020-07-28,Reservoir Dogs,1992,https://boxd.it/2agc
2020-07-28,Jurassic Park,1993,https://boxd.it/2aA2
2020-07-28,The Dark Knight Rises,2012,https://boxd.it/H3m
2020-07-28,WALL·E,2008,https://boxd.it/1VEo
2020-07-28,Up,2009,https://boxd.it/1OEc
2020-07-28,Iron Man,2008,https://boxd.it/28dA
2020-07-28,Toy Story,1995,https://boxd.it/29qA
2020-07-28,The Incredibles,2004,https://boxd.it/1XLm
2020-07-28,Memento,2000,https://boxd.it/2bcK
2020-07-28,Return of the Jedi,1983,https://boxd.it/27Vm
2020-07-28,Ratatouille,2007,https://boxd.it/27ww
2020-07-28,The Breakfast Club,1985,https://boxd.it/27q4
2020-07-28,Finding Nemo,2003,https://boxd.it/72i
2020-07-28,The Lord of the Rings: The Two Towers,2002,https://boxd.it/2b5E
2020-07-28,Batman Begins,2005,https://boxd.it/2aIg
2020-07-28,Harry Potter and the Prisoner of Azkaban,2004,https://boxd.it/29Qy
2020-07-28,The Prestige,2006,https://boxd.it/293w
2020-07-28,Harry Potter and the Philosopher's Stone,2001,https://boxd.it/29QS
2020-07-28,Good Will Hunting,1997,https://boxd.it/2ahY
2020-07-28,Avatar,2009,https://boxd.it/1Efm
2020-07-28,Boyhood,2014,https://boxd.it/3178
2020-07-28,Iron Man 3,2013,https://boxd.it/2cBQ
2020-07-28,Moana,2016,https://boxd.it/8tfY
2020-07-28,Star Wars: Episode III - Revenge of the Sith,2005,https://boxd.it/27US
2020-07-28,Good Time,2017,https://boxd.it/fcFu
2020-07-28,Harry Potter and the Deathly Hallows: Part 2,2011,https://boxd.it/1RYk
2020-07-28,Star Wars: Episode I - The Phantom Menace,1999,https://boxd.it/27Vc
2020-07-28,Solo: A Star Wars Story,2018,https://boxd.it/bGWs
2020-07-28,Ferris Bueller's Day Off,1986,https://boxd.it/1YPY
2020-07-28,Thor,2011,https://boxd.it/1WQU
2020-07-28,Harry Potter and the Chamber of Secrets,2002,https://boxd.it/29QI
2020-07-28,Toy Story 2,1999,https://boxd.it/29qq
2020-07-28,Harry Potter and the Goblet of Fire,2005,https://boxd.it/29Qo
2020-07-28,The Hunger Games,2012,https://boxd.it/2uds
2020-07-28,Hot Fuzz,2007,https://boxd.it/2416
2020-07-28,Silver Linings Playbook,2012,https://boxd.it/2TTo
2020-07-28,Iron Man 2,2010,https://boxd.it/1WZM
2020-07-28,Big Hero 6,2014,https://boxd.it/5rje
2020-07-28,The Thing,1982,https://boxd.it/294O
2020-07-28,Sorry to Bother You,2018,https://boxd.it/f21E
2020-07-28,Frozen,2013,https://boxd.it/3GNa
2020-07-28,The Big Short,2015,https://boxd.it/ajZw
2020-07-28,Dead Poets Society,1989,https://boxd.it/2aSg
2020-07-28,Star Wars: Episode II - Attack of the Clones,2002,https://boxd.it/27V2
2020-07-28,Princess Mononoke,1997,https://boxd.it/2b4w
2020-07-28,John Wick: Chapter 2,2017,https://boxd.it/ayGu
2020-07-28,Die Hard,1988,https://boxd.it/2a7u
2020-07-28,Spider-Man,2002,https://boxd.it/2a8i
2020-07-28,Harry Potter and the Deathly Hallows: Part 1,2010,https://boxd.it/1RYu
2020-07-28,The Great Gatsby,2013,https://boxd.it/JY
2020-07-28,Shrek,2001,https://boxd.it/29zi
2020-07-28,Harry Potter and the Order of the Phoenix,2007,https://boxd.it/29Qe
2020-07-28,E.T. the Extra-Terrestrial,1982,https://boxd.it/2a1G
2020-07-28,Spider-Man 2,2004,https://boxd.it/2a88
2020-07-28,Skyfall,2012,https://boxd.it/17Fc
2020-07-28,One Flew Over the Cuckoo's Nest,1975,https://boxd.it/2aeA
2020-07-28,Harry Potter and the Half-Blood Prince,2009,https://boxd.it/29FU
2020-07-28,Home Alone,1990,https://boxd.it/29Fg
2020-07-28,Thor: The Dark World,2013,https://boxd.it/2DqA
2020-07-28,The Master,2012,https://boxd.it/2cBG
2020-07-28,X-Men: Days of Future Past,2014,https://boxd.it/4aRw
2020-07-28,The Sixth Sense,1999,https://boxd.it/29Js
2020-07-28,Finding Dory,2016,https://boxd.it/4aAA
2020-07-28,The Hunger Games: Catching Fire,2013,https://boxd.it/3sAw
2020-07-28,Aliens,1986,https://boxd.it/29PA
2020-07-28,The Nightmare Before Christmas,1993,https://boxd.it/1YzQ
2020-07-28,Ghostbusters,1984,https://boxd.it/g2w
2020-07-28,Edge of Tomorrow,2014,https://boxd.it/4pD0
2020-07-28,The Hobbit: An Unexpected Journey,2012,https://boxd.it/GZk
2020-07-28,Groundhog Day,1993,https://boxd.it/2b3e
2020-07-28,Pokémon Detective Pikachu,2019,https://boxd.it/fVA0
2020-07-28,Life of Pi,2012,https://boxd.it/37pC
2020-07-28,The Terminator,1984,https://boxd.it/2aQY
2020-07-28,Tangled,2010,https://boxd.it/15gO
2020-07-28,Man of Steel,2013,https://boxd.it/FRk
2020-07-28,The Princess Bride,1987,https://boxd.it/26EY
2020-07-28,Back to the Future Part II,1989,https://boxd.it/2aYI
2020-07-28,Looper,2012,https://boxd.it/ham
2020-07-28,Monty Python and the Holy Grail,1975,https://boxd.it/29GI
2020-07-28,The Edge of Seventeen,2016,https://boxd.it/d5nu
2020-07-28,Hidden Figures,2016,https://boxd.it/dgS4
2020-07-28,The Usual Suspects,1995,https://boxd.it/29XE
2020-07-28,Coraline,2009,https://boxd.it/1NhQ
2020-07-28,The Amazing Spider-Man,2012,https://boxd.it/27PI
2020-07-28,Ready or Not,2019,https://boxd.it/kOf0
2020-07-28,Casino Royale,2006,https://boxd.it/1alk
2020-07-28,Shrek 2,2004,https://boxd.it/29z8
2020-07-28,School of Rock,2003,https://boxd.it/28xK
2020-07-28,X-Men: First Class,2011,https://boxd.it/FOA
2020-07-28,Charlie and the Chocolate Factory,2005,https://boxd.it/2b68
2020-07-28,Brave,2012,https://boxd.it/bVG
2020-07-28,Beetlejuice,1988,https://boxd.it/24QI
2020-07-28,The Hobbit: The Desolation of Smaug,2013,https://boxd.it/nmS
2020-07-28,Black Mirror: Bandersnatch,2018,https://boxd.it/kTDG
2020-07-28,Stand by Me,1986,https://boxd.it/2aOe
2020-07-28,Spider-Man 3,2007,https://boxd.it/2a7Y
2020-07-28,X-Men: Apocalypse,2016,https://boxd.it/7eJi
2020-07-28,Creed,2015,https://boxd.it/a2qk
2020-07-28,Monsters University,2013,https://boxd.it/bQm
2020-07-28,The Hunger Games: Mockingjay - Part 1,2014,https://boxd.it/4hka
2020-07-28,The Iron Giant,1999,https://boxd.it/1Wow
2020-07-28,Spectre,2015,https://boxd.it/6bXY
2020-07-28,The Hobbit: The Battle of the Five Armies,2014,https://boxd.it/43aU
2020-07-28,Ralph Breaks the Internet,2018,https://boxd.it/edAy
2020-07-28,Rocky,1976,https://boxd.it/28Uk
2020-07-28,Cars,2006,https://boxd.it/29ho
2020-07-28,Hugo,2011,https://boxd.it/R08
2020-07-28,Kubo and the Two Strings,2016,https://boxd.it/a4wE
2020-07-28,Sing Street,2016,https://boxd.it/cOo6
2020-07-28,The Lego Batman Movie,2017,https://boxd.it/azp0
2020-07-28,Gattaca,1997,https://boxd.it/29Du
2020-07-29,I Lost My Body,2019,https://boxd.it/lAYs
2020-07-29,Krisha,2015,https://boxd.it/ax4E
2020-07-29,Cape Fear,1991,https://boxd.it/28vu
2020-07-29,Insomnia,2002,https://boxd.it/2aB0
2020-07-29,Hell or High Water,2016,https://boxd.it/bfGM
2020-08-01,Requiem for a Dream,2000,https://boxd.it/29VI
2020-08-02,Dances with Wolves,1990,https://boxd.it/2a4K
2020-08-03,"Three Billboards Outside Ebbing, Missouri",2017,https://boxd.it/ceBS
2020-08-06,Scott Pilgrim vs. the World,2010,https://boxd.it/1Aq6
2020-08-08,Fargo,1996,https://boxd.it/2aHM
2020-08-11,Anomalisa,2015,https://boxd.it/97TE
2020-08-12,The Empire Strikes Back,1980,https://boxd.it/27Vw
2020-08-12,Star Wars: The Force Awakens,2015,https://boxd.it/4vru
2020-08-14,Thelma & Louise,1991,https://boxd.it/28Ew
2020-08-18,Pee-wee's Big Adventure,1985,https://boxd.it/22Lw
2020-08-18,Se7en,1995,https://boxd.it/29zs
2020-08-21,Whiplash,2014,https://boxd.it/7bQA
2020-09-01,Sicario,2015,https://boxd.it/8i7u
2020-09-06,Tucker and Dale vs. Evil,2010,https://boxd.it/Mce
2020-09-06,Twelve Monkeys,1995,https://boxd.it/2beQ
2020-09-06,The Fifth Element,1997,https://boxd.it/71k
2020-09-06,Die Hard: With a Vengeance,1995,https://boxd.it/28zG
2020-09-06,Die Hard 2,1990,https://boxd.it/28zw
2020-09-06,Over the Hedge,2006,https://boxd.it/20QY
2020-09-06,Waves,2019,https://boxd.it/jpmy
2020-09-06,Twilight,2008,https://boxd.it/1Zui
2020-09-06,The Twilight Saga: New Moon,2009,https://boxd.it/1Hj2
2020-09-13,Shaun of the Dead,2004,https://boxd.it/29J8
2020-09-16,Rope,1948,https://boxd.it/28yo
2020-09-20,Nightcrawler,2014,https://boxd.it/780m
2020-09-21,Full Metal Jacket,1987,https://boxd.it/2a1Q
2020-09-28,The Twilight Saga: Breaking Dawn - Part 1,2011,https://boxd.it/DdM
2020-09-28,The Twilight Saga: Eclipse,2010,https://boxd.it/1ytW
2020-10-03,Enemy,2013,https://boxd.it/5xtO
2020-10-03,October Sky,1999,https://boxd.it/1Q7u
2020-10-05,Enola Holmes,2020,https://boxd.it/hX2o
2020-10-12,The Graduate,1967,https://boxd.it/18Im
2020-10-24,Rear Window,1954,https://boxd.it/2a6Q
2020-10-25,Caché,2005,https://boxd.it/2amY
2020-10-26,The Royal Tenenbaums,2001,https://boxd.it/1YHU
2020-10-28,Marmaduke,2010,https://boxd.it/15GW
2020-10-28,DodgeBall: A True Underdog Story,2004,https://boxd.it/1YAY
2020-10-28,The Secret Life of Walter Mitty,2013,https://boxd.it/3SWy
2020-10-28,Madagascar,2005,https://boxd.it/29dc
2020-10-28,Madagascar: Escape 2 Africa,2008,https://boxd.it/1W2K
2020-10-29,TRON: Legacy,2010,https://boxd.it/1Dlo
2020-11-01,I'm Thinking of Ending Things,2020,https://boxd.it/i4IQ
2020-11-01,The Invisible Man,2020,https://boxd.it/kWlA
2020-11-02,127 Hours,2010,https://boxd.it/SLa
2020-11-02,Lost Highway,1997,https://boxd.it/29Wc
2020-11-02,Holes,2003,https://boxd.it/20mE
2020-11-02,X2,2003,https://boxd.it/1a7i
2020-11-05,Tooth Fairy,2010,https://boxd.it/1zKE
2020-11-05,Beauty and the Beast,2017,https://boxd.it/ar0c
2020-11-05,Won't You Be My Neighbor?,2018,https://boxd.it/hDPU
2020-11-07,Punch-Drunk Love,2002,https://boxd.it/20E4
2020-11-09,The Outsiders,1983,https://boxd.it/2aPw
2020-11-09,Jack,1996,https://boxd.it/21au
2020-11-09,Elizabethtown,2005,https://boxd.it/1Ydq
2020-11-09,National Treasure,2004,https://boxd.it/27x0
2020-11-09,The Sorcerer's Apprentice,2010,https://boxd.it/1sGg
2020-11-10,Feels Good Man,2020,https://boxd.it/oigS
2020-11-11,Black Mirror: San Junipero,2016,https://boxd.it/h634
2020-11-14,Rio,2011,https://boxd.it/NKc
2020-11-14,Life Is Beautiful,1997,https://boxd.it/29Wm
2020-11-16,A Nightmare on Elm Street,1984,https://boxd.it/2aw0
2020-11-19,Trainspotting,1996,https://boxd.it/29XY
2020-11-21,Black Mirror: Shut Up and Dance,2016,https://boxd.it/hRRq
2020-11-25,Let It Snow,2019,https://boxd.it/9kKg
2020-11-26,Kiss Kiss Bang Bang,2005,https://boxd.it/23c8
2020-11-28,National Lampoon's Christmas Vacation,1989,https://boxd.it/22wQ
2020-11-29,The Spectacular Now,2013,https://boxd.it/4VSG
2020-11-29,Divergent,2014,https://boxd.it/4VT0
2020-11-29,Insurgent,2015,https://boxd.it/7NNa
2020-11-29,Allegiant,2016,https://boxd.it/7NNE
2020-11-29,The Fault in Our Stars,2014,https://boxd.it/6BQa
2020-11-29,Paper Towns,2015,https://boxd.it/8T5g
2020-11-29,Scooby-Doo,2002,https://boxd.it/1YaQ
2020-11-29,The Lorax,2012,https://boxd.it/2w9M
2020-11-29,Mad Max,1979,https://boxd.it/1Y7i
2020-11-30,Breaking In,2018,https://boxd.it/hXkC
2020-11-30,Clue,1985,https://boxd.it/1MDQ
2020-11-30,They Live,1988,https://boxd.it/20lm
2020-12-06,12 Angry Men,1957,https://boxd.it/2auI
2020-12-07,A Clockwork Orange,1971,https://boxd.it/2aVE
2020-12-10,Dr. Strangelove or: How I Learned to Stop Worrying and Love the Bomb,1964,https://boxd.it/29eY
2020-12-12,mid90s,2018,https://boxd.it/fxIa
2020-12-17,Star Trek Into Darkness,2013,https://boxd.it/uYE
2020-12-17,Star Trek,2009,https://boxd.it/1Q6c
2020-12-20,Life of Brian,1979,https://boxd.it/2a4q
2020-12-21,Sherlock: The Abominable Bride,2016,https://boxd.it/dbTQ
2020-12-25,The Departed,2006,https://boxd.it/28MA
2020-12-26,Diary of a Wimpy Kid,2010,https://boxd.it/1fUa
2020-12-26,Diary of a Wimpy Kid: Rodrick Rules,2011,https://boxd.it/gm2
2020-12-31,Run Lola Run,1998,https://boxd.it/2b8o
2021-01-02,Thunder Road,2018,https://boxd.it/i8Hs
2021-01-06,It Comes at Night,2017,https://boxd.it/eLuk
2021-01-08,A Man Escaped,1956,https://boxd.it/1MzY
2021-01-09,Before Sunrise,1995,https://boxd.it/2bcU
2021-01-11,Children of Men,2006,https://boxd.it/1Y2i
2021-01-14,The Shining,1980,https://boxd.it/29Nu
2021-01-15,Before Sunset,2004,https://boxd.it/2bcg
2021-01-17,Making The Shining,1980,https://boxd.it/1G9A
2021-01-20,Charlotte's Web,2006,https://boxd.it/1Xn0
2021-01-24,The Social Network,2010,https://boxd.it/17ue
2021-01-25,Highlander,1986,https://boxd.it/20GE
2021-01-28,The Hunt,2012,https://boxd.it/3wEC
2021-01-30,Lethal Weapon 2,1989,https://boxd.it/29dQ
2021-01-30,Lethal Weapon,1987,https://boxd.it/29e0
2021-02-03,Seven Up!,1964,https://boxd.it/AnE
2021-02-08,Primer,2004,https://boxd.it/6YA
2021-02-11,The Climb,2019,https://boxd.it/lXDM
2021-02-12,The Boy in the Striped Pyjamas,2008,https://boxd.it/1NOK
2021-02-12,Black Mirror: White Christmas,2014,https://boxd.it/B3qu
2021-02-13,13th,2016,https://boxd.it/elNg
2021-02-14,Arrival,2016,https://boxd.it/aNGk
2021-02-17,To the Bone,2017,https://boxd.it/e5AK
2021-02-17,The Princess Diaries,2001,https://boxd.it/1XCO
2021-02-22,There Will Be Blood,2007,https://boxd.it/20Z2
2021-02-22,This Is Spinal Tap,1984,https://boxd.it/1UOs
2021-02-22,Stripes,1981,https://boxd.it/gY6
2021-02-23,A Fistful of Dollars,1964,https://boxd.it/2auo
2021-02-24,News of the World,2020,https://boxd.it/lm7a
2021-02-26,The Princess Diaries 2: Royal Engagement,2004,https://boxd.it/1UyY
2021-02-26,Promising Young Woman,2020,https://boxd.it/loRE
2021-02-27,Tickled,2016,https://boxd.it/cWEG
2021-02-28,Raiders of the Lost Ark,1981,https://boxd.it/2bbs
2021-03-01,The Trial of the Chicago 7,2020,https://boxd.it/kn3w
2021-03-01,Point Break,1991,https://boxd.it/2958
2021-03-02,One Night in Miami...,2020,https://boxd.it/oCUo
2021-03-04,Nomadland,2020,https://boxd.it/lnRy
2021-03-06,Minari,2020,https://boxd.it/mL9M
2021-03-07,The Hate U Give,2018,https://boxd.it/gQyg
2021-03-07,The Evil Dead,1981,https://boxd.it/29Go
2021-03-11,Sound of Metal,2019,https://boxd.it/i7Q4
2021-03-12,The Naked Gun: From the Files of Police Squad!,1988,https://boxd.it/18YE
2021-03-15,Ma Rainey's Black Bottom,2020,https://boxd.it/mLcm
2021-03-15,Judas and the Black Messiah,2021,https://boxd.it/lsew
2021-03-16,Rashomon,1950,https://boxd.it/2a9K
2021-03-19,Citizen Kane,1941,https://boxd.it/71O
2021-03-21,Sorcerer,1977,https://boxd.it/14J6
2021-03-24,Mad Max 2,1981,https://boxd.it/1ZPg
2021-03-27,Mank,2020,https://boxd.it/mIuC
2021-03-29,The Father,2020,https://boxd.it/m8Ie
2021-03-30,Silence,2016,https://boxd.it/2cAo
2021-03-31,After Hours,1985,https://boxd.it/1VfS
2021-04-02,A League of Their Own,1992,https://boxd.it/1UdG
2021-04-03,Shame,2011,https://boxd.it/2CxU
2021-04-04,Pleasantville,1998,https://boxd.it/26uY
2021-04-05,Enter the Void,2009,https://boxd.it/1dy2
2021-04-06,The Seventh Seal,1957,https://boxd.it/2ahO
2021-04-07,Anchorman: The Legend of Ron Burgundy,2004,https://boxd.it/1ZVo
2021-04-08,The Elephant Man,1980,https://boxd.it/27LQ
2021-04-09,Chinatown,1974,https://boxd.it/29vU
2021-04-10,Shiva Baby,2020,https://boxd.it/oIv0
2021-04-14,Dredd,2012,https://boxd.it/GZE
2021-04-22,Close-Up,1990,https://boxd.it/1m9q
2021-04-30,The Killing of a Sacred Deer,2017,https://boxd.it/dZ5G
2021-04-30,Funny Games,1997,https://boxd.it/1WKM
2021-05-01,Spirited Away,2001,https://boxd.it/2b4m
2021-05-02,Mamma Mia!,2008,https://boxd.it/1Tnq
2021-05-07,Night of the Living Dead,1968,https://boxd.it/1WwA
2021-05-08,Ella Enchanted,2004,https://boxd.it/1O5G
2021-05-12,Halloween,1978,https://boxd.it/2wRu
2021-05-13,American Psycho,2000,https://boxd.it/28Vs
2021-05-14,Easy Rider,1969,https://boxd.it/29Ys
2021-05-15,Phantom Thread,2017,https://boxd.it/e4uc
2021-05-21,The World's End,2013,https://boxd.it/3EiO
2021-05-30,Eternal Sunshine of the Spotless Mind,2004,https://boxd.it/6YK
2021-06-01,Perfect Blue,1997,https://boxd.it/1W7A
2021-06-03,No Country for Old Men,2007,https://boxd.it/21ew
2021-06-05,Mikey and Nicky,1976,https://boxd.it/iL4
2021-06-07,Unbreakable,2000,https://boxd.it/1XV2
2021-06-09,The Favourite,2018,https://boxd.it/d2hI
2021-06-13,When Harry Met Sally...,1989,https://boxd.it/29W2
2021-06-14,Clerks,1994,https://boxd.it/2706
2021-06-14,Edward Scissorhands,1990,https://boxd.it/2aZc
2021-06-15,Le Samouraï,1967,https://boxd.it/22ZI
2021-06-16,Pi,1998,https://boxd.it/2ajq
2021-06-19,Black Swan,2010,https://boxd.it/Sw0
2021-06-19,RoboCop,1987,https://boxd.it/22Wu
2021-06-20,Saving Private Ryan,1998,https://boxd.it/29ro
2021-06-22,Mean Girls,2004,https://boxd.it/1VNg
2021-07-03,Rushmore,1998,https://boxd.it/1TAO
2021-07-05,Exit Through the Gift Shop,2010,https://boxd.it/13E0
2021-07-09,Prisoners,2013,https://boxd.it/4E5i
2021-07-10,Seven Samurai,1954,https://boxd.it/2axi
2021-07-11,Zodiac,2007,https://boxd.it/27MO
2021-07-12,Thief,1981,https://boxd.it/1TEc
2021-07-13,Fear and Loathing in Las Vegas,1998,https://boxd.it/27Xs
2021-07-15,She's All That,1999,https://boxd.it/1Wz0
2021-07-17,Climax,2018,https://boxd.it/ikvo
2021-07-20,The Piano Teacher,2001,https://boxd.it/2886
2021-07-21,Upstream Color,2013,https://boxd.it/4Cwc
2021-07-22,Before Midnight,2013,https://boxd.it/4ive
2021-07-24,F for Fake,1973,https://boxd.it/VxA
2021-07-26,La La Land,2016,https://boxd.it/a5fa
2021-07-27,The 400 Blows,1959,https://boxd.it/2b1C
2021-07-28,Badlands,1973,https://boxd.it/25Fm
2021-07-31,Terminator 2: Judgment Day,1991,https://boxd.it/2aGY
2021-08-01,House,1977,https://boxd.it/1vsm
2021-08-02,What We Do in the Shadows,2014,https://boxd.it/7eQy
2021-08-03,Boogie Nights,1997,https://boxd.it/23um
2021-08-04,The Green Knight,2021,https://boxd.it/kuy2
2021-08-05,A Single Man,2009,https://boxd.it/1dx4
2021-08-06,Platoon,1986,https://boxd.it/29BS
2021-08-07,Beverly Hills Cop,1984,https://boxd.it/2baE
2021-08-10,Now You See Me,2013,https://boxd.it/2Bsu
2021-08-11,Split,2016,https://boxd.it/dgSy
2021-08-12,Mulholland Drive,2001,https://boxd.it/297o
2021-08-13,The Suicide Squad,2021,https://boxd.it/fw6O
2021-08-17,The Green Mile,1999,https://boxd.it/2agG
2021-08-23,F9,2021,https://boxd.it/dqsU
2021-09-05,Casino,1995,https://boxd.it/2ads
2021-09-06,Shang-Chi and the Legend of the Ten Rings,2021,https://boxd.it/kLDI
2021-09-14,Eraserhead,1977,https://boxd.it/299u
2021-09-30,Polytechnique,2009,https://boxd.it/1AMG
2021-10-01,Incendies,2010,https://boxd.it/Msm
2021-10-02,Elephant,2003,https://boxd.it/287i
2021-10-03,Titane,2021,https://boxd.it/nlQC
2021-10-14,Hereditary,2018,https://boxd.it/hNVe
2021-10-17,Election,1999,https://boxd.it/1YEc
2021-10-20,Transit,2018,https://boxd.it/gUK6
2021-10-21,Blackfish,2013,https://boxd.it/4Ym4
2021-10-23,Rosemary's Baby,1968,https://boxd.it/29zM
2021-10-24,Over the Garden Wall,2014,https://boxd.it/eqFw
2021-10-25,Dune,2021,https://boxd.it/fA7G
2021-10-30,Last Night in Soho,2021,https://boxd.it/lbJC
2021-11-01,Magnolia,1999,https://boxd.it/2aze
2021-11-01,The Host,2006,https://boxd.it/28ZY
2021-11-03,Hard Eight,1996,https://boxd.it/20DU
2021-11-07,The French Dispatch,2021,https://boxd.it/jLP8
2021-11-08,Inherent Vice,2014,https://boxd.it/5hla
2021-11-09,Some Kind of Heaven,2020,https://boxd.it/nH7Y
2021-11-15,Spencer,2021,https://boxd.it/qPMG
2021-11-16,We Need to Talk About Kevin,2011,https://boxd.it/2pTS
2021-11-17,La Haine,1995,https://boxd.it/2as8
2021-11-21,Swiss Army Man,2016,https://boxd.it/bDG2
2021-11-24,Paths of Glory,1957,https://boxd.it/29b6
2021-11-29,Irreversible,2002,https://boxd.it/29as
2021-12-06,C'mon C'mon,2021,https://boxd.it/nrI0
2021-12-19,West Side Story,2021,https://boxd.it/iwt0
2021-12-24,The Matrix Reloaded,2003,https://boxd.it/2a1c
2021-12-27,The Matrix Revolutions,2003,https://boxd.it/2a12
2021-12-27,Uncut Gems,2019,https://boxd.it/gXGc
2021-12-28,The Power of the Dog,2021,https://boxd.it/m99E
2021-12-31,Hustlers,2019,https://boxd.it/jIBM
2021-12-31,Dazed and Confused,1993,https://boxd.it/1Ylk
2022-01-04,The Matrix Resurrections,2021,https://boxd.it/n87k
2022-01-07,Licorice Pizza,2021,https://boxd.it/qTKY
2022-01-12,The Raid,2011,https://boxd.it/3hBy
2022-01-12,The Act of Killing,2012,https://boxd.it/44Cg
2022-01-13,The Godfather,1972,https://boxd.it/2aNK
2022-01-14,Gone Girl,2014,https://boxd.it/6hQu
2022-01-16,Taste of Cherry,1997,https://boxd.it/1m8W
2022-01-22,Mother,2009,https://boxd.it/1m9g
2022-02-04,Moon,2009,https://boxd.it/1IGQ
2022-02-11,Don't Look Up,2021,https://boxd.it/o0Hc
2022-02-18,CODA,2021,https://boxd.it/tbf4
2022-02-23,Boys State,2020,https://boxd.it/oiNW
2022-02-25,Memories of Murder,2003,https://boxd.it/1TSo
2022-03-01,North by Northwest,1959,https://boxd.it/2aRM
2022-03-02,The Worst Person in the World,2021,https://boxd.it/oyws
2022-03-05,Drive My Car,2021,https://boxd.it/sv94
2022-03-06,The Batman,2022,https://boxd.it/eDGs
2022-03-07,Nightmare Alley,2021,https://boxd.it/m0HC
2022-03-09,The King of Comedy,1982,https://boxd.it/2aJS
2022-03-11,King Richard,2021,https://boxd.it/mJZ2
2022-03-14,Fantastic Planet,1973,https://boxd.it/1KnQ
2022-03-17,Y Tu Mamá También,2001,https://boxd.it/28QM
2022-03-17,Belfast,2021,https://boxd.it/tefG
2022-03-30,The Virgin Suicides,1999,https://boxd.it/28JG
2022-03-30,The Handmaiden,2016,https://boxd.it/948A
2022-04-01,Mad Max: Fury Road,2015,https://boxd.it/2DjO
2022-04-02,First Reformed,2017,https://boxd.it/go9C
2022-04-03,My Neighbor Totoro,1988,https://boxd.it/20eA
2022-04-04,Lucky Number Slevin,2006,https://boxd.it/2aVu
2022-04-10,Everything Everywhere All at Once,2022,https://boxd.it/jUk4
2022-04-12,Akira,1988,https://boxd.it/2b1i
2022-04-15,Blow Out,1981,https://boxd.it/1TlE
2022-04-17,Donnie Darko,2001,https://boxd.it/2b2A
2022-04-18,Captain Fantastic,2016,https://boxd.it/b2K2
2022-04-23,The Player,1992,https://boxd.it/1WlM
2022-04-30,mother!,2017,https://boxd.it/dgRU
2022-05-03,Austin Powers: The Spy Who Shagged Me,1999,https://boxd.it/29xQ
2022-05-03,Austin Powers: International Man of Mystery,1997,https://boxd.it/29y0
2022-05-06,Investigation of a Citizen Above Suspicion,1970,https://boxd.it/1tRY
2022-05-06,The Northman,2022,https://boxd.it/nK2s
2022-05-14,Petite Maman,2021,https://boxd.it/s6je
2022-05-16,Ponyo,2008,https://boxd.it/1S0A
2022-05-16,Eyes Without a Face,1960,https://boxd.it/1j9i
2022-05-19,Apocalypse Now,1979,https://boxd.it/6ZS
2022-05-20,The White Ribbon,2009,https://boxd.it/17eU
2022-05-22,All About Eve,1950,https://boxd.it/29LI
2022-05-23,The Salesman,2016,https://boxd.it/d2we
2022-05-24,Breathless,1960,https://boxd.it/2aIK
2022-05-26,Life Itself,2014,https://boxd.it/7lqC
2022-05-31,The Red Shoes,1948,https://boxd.it/1EXI
2022-06-01,Lost in Translation,2003,https://boxd.it/2b0E
2022-06-02,L.A. Confidential,1997,https://boxd.it/27oC
2022-06-05,The Devil Wears Prada,2006,https://boxd.it/2awE
2022-06-06,The Life Aquatic with Steve Zissou,2004,https://boxd.it/2aqw
2022-06-07,She's Gotta Have It,1986,https://boxd.it/1quC
2022-06-13,Fallen Angels,1995,https://boxd.it/1UkW
2022-06-14,Burn After Reading,2008,https://boxd.it/23BW
2022-06-15,Days of Heaven,1978,https://boxd.it/1JRg
2022-06-19,28 Days Later,2002,https://boxd.it/2aXU
2022-06-19,Coherence,2013,https://boxd.it/6xza
2022-06-22,Turning Red,2022,https://boxd.it/ipkq
2022-06-25,Sweet Smell of Success,1957,https://boxd.it/29aW
2022-07-01,M,1931,https://boxd.it/29vq
2022-07-01,Hearts of Darkness: A Filmmaker's Apocalypse,1991,https://boxd.it/24ai
2022-07-02,Inside Llewyn Davis,2013,https://boxd.it/34Ro
2022-07-03,Tangerine,2015,https://boxd.it/9QRe
2022-07-04,Julia,2021,https://boxd.it/uzNQ
2022-07-05,Being John Malkovich,1999,https://boxd.it/2ahu
2022-07-06,Adaptation.,2002,https://boxd.it/26mA
2022-07-09,Mamma Mia! Here We Go Again,2018,https://boxd.it/gnfO
